"weight","sum_weights","total_wealth","mean_wealth"
"facine3 (original)",92682019.9997549,23346318461447.1,251896.95327647
"facine3/5 (adjusted)",18536403.9999511,4669263692289.41,251896.953276467
