"Q_bar","B","W","T_var","SE"
251896.953276468,955202.216454913,1048219455.21849,1049365697.87824,32393.9145192155
