"wealth_q","mean_pred"
"Q1",0.0803562600900373
"Q2",0.0793512812865879
"Q3",0.0838651831018819
"Q4",0.118597188166932
"Q5",0.210307580726873
