"owner_grp","mean_debt","med_debt","p75_debt","mean_fin","med_fin","p75_fin"
"renter",0.807456431793191,0,0.06,0.683458533499279,1,1
"owner_one",1.56105303991492,0.0314640808912916,0.551118775979482,0.0864761922931027,0.0555150912223979,0.203922010893
"owner_many",0.312663035615367,0.00211173278736661,0.154801074728085,0.133208786596167,0.0935184519099345,0.229914218212377
