"weighted_cor","unweighted_cor","p_value"
-0.0202632136127141,-0.0136977355109593,0.28588176383305
