"owner_grp","vuln_rate","n_vuln","n"
"renter",0.0390134767976567,47,1007
"owner_one",0.112450902387936,180,1701
"owner_many",0.0616980586450685,139,3531
